,Topic1,Topic2,Topic3,Topic4,Topic5,Topic6,Topic7,Topic8,Topic9,Topic10,Topic11,Topic12,Topic13,Topic14,Topic15,Topic16,Topic17,Topic18,Topic19,Topic20,Topic21,Topic22,Topic23,Topic24,Topic25
0,pressure,steel,social,converter,surface,willingness,risk,safety,carbon,power,catalyst,power,security,energy,membrane,transparent,cell,cell,effect,antenna,temperature,film,service,strength,water
1,numerical,strain,cost,neural,cu,valuation,jet,railway,electrochemical,motor,cell,grid,algorithm,power,powder,antenna,acid,membrane,content,image,rainfall,deposition,sensor,crack,sensor
2,material,tensile,image,voltage,temperature,track,mass,memory,electrode,torque,carbon,voltage,iot,renewable,alloy,fermentation,drug,effect,antioxidant,virtual,precipitation,property,management,material,fluorescence
3,simulation,specimen,line,power,bonding,fuel,dark,pb,material,drive,fuel,smart,architecture,emulsion,redox,dna,protein,surface,physical,band,zno,oxide,laser,steel,chemosensor
4,shear,fracture,digital,circuit,thermal,wave,balancing,speed,storage,lifetime,glucose,inverter,internet,oil,battery,p,effect,peptide,quality,bandwidth,memory,optical,walking,pipe,ion
5,ground,property,roll,climate,particle,wtp,uv,accident,g,electric,nanotube,city,user,heat,particle,genome,human,zebrafish,extraction,imaging,cooling,thin,wireless,reinforcement,color
6,mesh,mechanical,simulation,object,copper,gas,gauge,operation,lithium,module,electron,state,mobile,emission,oxide,radiation,synthesis,lipid,engineering,object,trend,surface,industry,reinforced,cu
7,velocity,strength,distance,dc,oxide,krw,implantable,algorithm,si,inverter,catalytic,electric,thing,mimo,electrolyte,fruit,hydrogel,animal,student,television,electrode,drought,node,fiber,zn
8,fluid,grain,also,dc,plasma,household,behavior,simulation,tio,dc,oxidation,controller,device,electric,composite,organic,expression,carrier,human,vr,energy,material,blockchain,surface,fluorescent
9,surface,temperature,point,gcms,fuel,consumer,dielectric,train,electrical,speed,oxygen,observer,smart,algorithm,chemical,gene,tissue,embryo,education,radiation,climate,atomic,robot,slab,limit
10,,,,switching,,,,,,,,,,,,,,,,,,,,,
